name	taxonomy_id	taxonomy_lvl	C10_S21_R1._num	C10_S21_R1._frac	C1_S12_R1._num	C1_S12_R1._frac	C2_S13_R1._num	C2_S13_R1._frac	C3_S14_R1._num	C3_S14_R1._frac	C4_S15_R1._num	C4_S15_R1._frac	C5_S16_R1._num	C5_S16_R1._frac	C6_S17_R1._num	C6_S17_R1._frac	C7_S18_R1._num	C7_S18_R1._frac	C9_S20_R1._num	C9_S20_R1._frac	Post_Cntl_R1._num	Post_Cntl_R1._frac	S10_S11_R1._num	S10_S11_R1._frac	S1_S2_R1._num	S1_S2_R1._frac	S2_S3_R1._num	S2_S3_R1._frac	S3_S4_R1._num	S3_S4_R1._frac	S4_S5_R1._num	S4_S5_R1._frac	S5_S6_R1._num	S5_S6_R1._frac	S6_S7_R1._num	S6_S7_R1._frac	S7_S8_R1._num	S7_S8_R1._frac	S8_S9_R1._num	S8_S9_R1._frac	S9_S10_R1._num	S9_S10_R1._frac
cellular organisms	131567	R1	17014215	0.99887	20744370	0.99923	11611587	0.99888	8978826	0.99890	10454827	0.99875	9594502	0.99855	16936840	0.99930	14795675	0.99900	24858780	0.99907	51564931	0.99998	19032408	0.99925	25950314	0.99720	14691015	0.99901	34531835	0.99699	11274035	0.99923	55929957	0.99955	7423904	0.99922	13761681	0.99912	12279631	0.99891	11248026	0.99909
Viruses	10239	R1	19308	0.00113	15962	0.00077	13071	0.00112	9926	0.00110	13123	0.00125	13893	0.00145	11933	0.00070	14876	0.00100	22805	0.00092	745	0.00001	14319	0.00075	72865	0.00280	14582	0.00099	103457	0.00299	8679	0.00077	24996	0.00045	5642	0.00076	12062	0.00088	13371	0.00109	10287	0.00091
other entries	2787854	R1	0	0.00000	0	0.00000	0	0.00000	0	0.00000	0	0.00000	0	0.00000	0	0.00000	0	0.00000	282	0.00001	39	0.00000	0	0.00000	0	0.00000	0	0.00000	788	0.00002	0	0.00000	0	0.00000	130	0.00002	0	0.00000	0	0.00000	0	0.00000
